2023-05-01,00:38:44,4.1,13.81,-93.11,13.1,"142 km al SUROESTE de CD HIDALGO, CHIS ",2023-05-01,06:38:44,verificado
2023-05-01,00:58:01,3.6,16.2,-97.99,27.1,"17 km al SURESTE de PINOTEPA NACIONAL, OAX ",2023-05-01,06:58:01,verificado
2023-05-01,01:10:50,3.9,30.76,-114.22,3.0,"66 km al SURESTE de SAN FELIPE, BC ",2023-05-01,07:10:50,verificado
2023-05-01,01:24:36,3.5,16.57,-98.44,8.5,"13 km al SUROESTE de OMETEPEC, GRO ",2023-05-01,07:24:36,verificado
2023-05-01,01:42:45,4.0,16.8,-94.15,133.8,"47 km al OESTE de CINTALAPA, CHIS ",2023-05-01,07:42:45,verificado
2023-05-01,01:46:18,3.6,30.89,-116.13,6.1,"23 km al NOROESTE de VICENTE GUERRERO, BC ",2023-05-01,07:46:18,verificado
2023-05-01,01:52:58,3.6,17.2,-95.36,113.4,"50 km al NOROESTE de MATIAS ROMERO, OAX ",2023-05-01,07:52:58,verificado
2023-05-01,01:56:25,3.4,31.34,-115.34,9.8,"59 km al NOROESTE de SAN FELIPE, BC ",2023-05-01,07:56:25,verificado
2023-05-01,01:59:31,4.0,14.75,-93.78,4.4,"120 km al SUROESTE de PIJIJIAPAN, CHIS ",2023-05-01,07:59:31,verificado
2023-05-01,02:08:38,3.5,30.87,-116.24,14.3,"29 km al NOROESTE de VICENTE GUERRERO, BC ",2023-05-01,08:08:38,verificado
2023-05-01,02:24:07,3.7,15.35,-94.64,16.1,"109 km al SURESTE de SALINA CRUZ, OAX ",2023-05-01,08:24:07,verificado
2023-05-01,02:37:12,3.3,31.43,-115.27,13.2,"61 km al NOROESTE de SAN FELIPE, BC ",2023-05-01,08:37:12,verificado
2023-05-01,02:47:20,3.7,14.76,-93.77,16.1,"119 km al SUROESTE de PIJIJIAPAN, CHIS ",2023-05-01,08:47:20,verificado
2023-05-01,03:32:30,3.6,17.89,-98.27,44.8,"42 km al SUROESTE de ACATLAN DE OSORIO, PUE ",2023-05-01,09:32:30,verificado
2023-05-01,03:49:16,3.8,16.12,-97.49,10.6,"14 km al NOROESTE de RIO GRANDE, OAX ",2023-05-01,09:49:16,verificado
2023-05-01,04:15:28,3.6,18.21,-94.72,5.7,"23 km al NOROESTE de OTEAPAN, VER ",2023-05-01,10:15:28,verificado
2023-05-01,04:31:06,3.8,19.61,-102.36,2.0,"12 km al NORESTE de PERIBAN, MICH ",2023-05-01,10:31:06,verificado
2023-05-01,04:41:54,3.2,15.99,-97.6,26.7,"18 km al OESTE de RIO GRANDE, OAX ",2023-05-01,10:41:54,verificado
2023-05-01,04:52:21,3.4,31.37,-115.29,8.9,"57 km al NOROESTE de SAN FELIPE, BC ",2023-05-01,10:52:21,verificado
2023-05-01,05:02:18,3.6,19.51,-102.41,8.9,"1 km al SUR de PERIBAN, MICH ",2023-05-01,11:02:18,verificado
2023-05-01,05:07:59,3.2,31.04,-115.34,15.1,"49 km al OESTE de SAN FELIPE, BC ",2023-05-01,11:07:59,verificado
2023-05-01,05:17:08,3.6,16.51,-95.18,5.0,"10 km al SUROESTE de CD IXTEPEC, OAX ",2023-05-01,11:17:08,verificado
2023-05-01,06:10:39,1.4,22.8,-102.59,2.0,"3 km al NOROESTE de ZACATECAS, ZAC ",2023-05-01,12:10:39,verificado
2023-05-01,06:23:46,3.4,30.75,-116.25,6.4,"25 km al OESTE de VICENTE GUERRERO, BC ",2023-05-01,12:23:46,verificado
2023-05-01,06:36:25,3.8,17.0,-95.16,112.0,"19 km al NOROESTE de MATIAS ROMERO, OAX ",2023-05-01,12:36:25,verificado
2023-05-01,06:49:28,3.7,15.34,-94.7,17.0,"107 km al SURESTE de SALINA CRUZ, OAX ",2023-05-01,12:49:28,verificado
2023-05-01,07:07:09,4.5,16.48,-95.18,10.0,"13 km al SUROESTE de CD IXTEPEC, OAX ",2023-05-01,13:07:09,verificado
2023-05-01,07:09:08,3.5,19.41,-104.6,25.8,"19 km al NORTE de CIHUATLAN, JAL ",2023-05-01,13:09:08,verificado
2023-05-01,08:10:18,3.4,18.32,-103.14,10.3,"50 km al SUR de COALCOMAN, MICH ",2023-05-01,14:10:18,verificado
2023-05-01,08:59:49,3.3,18.61,-103.23,7.1,"20 km al SUROESTE de COALCOMAN, MICH ",2023-05-01,14:59:49,verificado
2023-05-01,09:57:38,3.3,16.01,-97.89,16.0,"41 km al SURESTE de PINOTEPA NACIONAL, OAX ",2023-05-01,15:57:38,verificado
2023-05-01,10:07:22,3.4,19.24,-103.93,79.8,"13 km al NOROESTE de COQUIMATLAN, COL ",2023-05-01,16:07:22,verificado
2023-05-01,10:14:15,3.7,17.45,-96.0,92.9,"71 km al SUR de TUXTEPEC, OAX ",2023-05-01,16:14:15,verificado
2023-05-01,10:32:06,3.9,17.46,-94.93,137.6,"47 km al SUR de SAYULA DE ALEMAN, VER ",2023-05-01,16:32:06,verificado
2023-05-01,10:58:04,3.8,15.64,-96.11,8.5,"15 km al SUR de CRUCECITA, OAX ",2023-05-01,16:58:04,verificado
2023-05-01,11:03:41,3.9,15.65,-96.86,4.3,"32 km al SURESTE de PUERTO ESCONDIDO, OAX ",2023-05-01,17:03:41,verificado
2023-05-01,12:05:01,3.6,19.38,-104.07,5.0,"33 km al NOROESTE de COQUIMATLAN, COL ",2023-05-01,18:05:01,verificado
2023-05-01,12:23:49,3.8,14.45,-94.34,15.0,"183 km al SUROESTE de PIJIJIAPAN, CHIS ",2023-05-01,18:23:49,verificado
2023-05-01,14:15:47,3.7,18.16,-103.45,14.1,"75 km al SUROESTE de COALCOMAN, MICH ",2023-05-01,20:15:47,verificado
2023-05-01,15:40:52,3.5,16.87,-98.84,10.3,"51 km al NOROESTE de OMETEPEC, GRO ",2023-05-01,21:40:52,verificado
2023-05-01,15:52:28,3.6,15.65,-96.07,5.0,"15 km al SURESTE de CRUCECITA, OAX ",2023-05-01,21:52:28,verificado
2023-05-01,16:50:31,3.0,19.34,-103.88,43.3,"17 km al NOROESTE de COQUIMATLAN, COL ",2023-05-01,22:50:31,verificado
2023-05-01,17:11:03,3.9,18.16,-94.67,28.4,"17 km al NORTE de OTEAPAN, VER ",2023-05-01,23:11:03,verificado
2023-05-01,17:42:01,3.4,30.87,-116.16,10.0,"23 km al NOROESTE de VICENTE GUERRERO, BC ",2023-05-01,23:42:01,verificado
2023-05-01,18:10:52,3.5,16.66,-95.17,91.1,"13 km al NOROESTE de CD IXTEPEC, OAX ",2023-05-02,00:10:52,verificado
2023-05-01,18:48:05,3.7,18.09,-103.32,9.3,"78 km al SUR de COALCOMAN, MICH ",2023-05-02,00:48:05,verificado
2023-05-01,19:29:46,4.0,18.44,-101.48,49.2,"65 km al SUROESTE de HUETAMO, MICH ",2023-05-02,01:29:46,verificado
2023-05-01,20:08:27,4.0,15.57,-95.15,16.1,"68 km al SUR de SALINA CRUZ, OAX ",2023-05-02,02:08:27,verificado
2023-05-01,20:15:27,3.7,16.57,-98.44,15.5,"13 km al SUROESTE de OMETEPEC, GRO ",2023-05-02,02:15:27,verificado
2023-05-01,20:25:02,2.5,20.23,-99.11,5.0,"8 km al ESTE de PROGRESO, HGO ",2023-05-02,02:25:02,verificado
2023-05-01,20:26:19,2.3,20.31,-99.15,5.0,"8 km al NORESTE de PROGRESO, HGO ",2023-05-02,02:26:19,verificado
2023-05-01,20:27:34,1.7,20.31,-99.06,5.0,"14 km al NOROESTE de ACTOPAN, HGO ",2023-05-02,02:27:34,verificado
2023-05-01,20:29:52,2.5,20.28,-99.13,5.0,"8 km al NORESTE de PROGRESO, HGO ",2023-05-02,02:29:52,verificado
2023-05-01,20:38:44,3.4,19.84,-103.8,12.7,"22 km al OESTE de SAYULA, JAL ",2023-05-02,02:38:44,verificado
2023-05-01,21:13:22,4.0,15.79,-96.47,23.4,"5 km al NORTE de S PEDRO POCHUTLA, OAX ",2023-05-02,03:13:22,verificado
2023-05-01,21:21:48,3.5,20.26,-99.09,10.5,"10 km al ESTE de PROGRESO, HGO ",2023-05-02,03:21:48,verificado
2023-05-01,21:43:53,3.3,19.3,-103.96,2.1,"19 km al NOROESTE de COQUIMATLAN, COL ",2023-05-02,03:43:53,verificado
2023-05-01,21:47:56,3.5,16.26,-98.96,16.1,"75 km al SURESTE de SAN MARCOS, GRO ",2023-05-02,03:47:56,verificado
2023-05-01,22:05:08,3.1,16.36,-98.16,22.4,"12 km al OESTE de PINOTEPA NACIONAL, OAX ",2023-05-02,04:05:08,verificado
2023-05-01,22:13:13,3.9,19.89,-96.32,11.1,"56 km al ESTE de MISANTLA, VER ",2023-05-02,04:13:13,verificado
2023-05-01,22:14:21,3.6,18.79,-102.15,46.2,"27 km al SUR de NUEVA ITALIA, MICH ",2023-05-02,04:14:21,verificado
2023-05-01,22:33:24,3.7,17.66,-95.11,119.8,"29 km al SUROESTE de SAYULA DE ALEMAN, VER ",2023-05-02,04:33:24,verificado
2023-05-01,22:51:31,2.4,20.32,-99.06,4.0,"14 km al NOROESTE de ACTOPAN, HGO ",2023-05-02,04:51:31,verificado
2023-05-01,22:52:49,3.7,17.13,-95.39,109.2,"47 km al NOROESTE de MATIAS ROMERO, OAX ",2023-05-02,04:52:49,verificado
2023-05-01,23:05:21,3.8,15.73,-93.77,60.7,"40 km al SUR de TONALA, CHIS ",2023-05-02,05:05:21,verificado
2023-05-01,23:54:23,3.3,19.05,-104.57,40.1,"21 km al SUR de CIHUATLAN, JAL ",2023-05-02,05:54:23,verificado
2023-05-02,00:14:50,3.1,16.31,-98.14,11.1,"10 km al SUROESTE de PINOTEPA NACIONAL, OAX ",2023-05-02,06:14:50,verificado
2023-05-02,00:22:29,3.0,16.31,-97.98,2.3,"9 km al SURESTE de PINOTEPA NACIONAL, OAX ",2023-05-02,06:22:29,verificado
2023-05-02,00:23:04,2.4,18.42,-103.53,4.0,"55 km al SUROESTE de COALCOMAN, MICH ",2023-05-02,06:23:04,verificado
2023-05-02,00:23:49,3.5,18.14,-94.67,32.8,"15 km al NORTE de OTEAPAN, VER ",2023-05-02,06:23:49,verificado
2023-05-02,00:45:10,3.4,18.63,-103.87,17.5,"30 km al SUR de TECOMAN, COL ",2023-05-02,06:45:10,verificado
2023-05-02,00:58:08,3.8,30.75,-116.42,5.0,"41 km al OESTE de VICENTE GUERRERO, BC ",2023-05-02,06:58:08,verificado
2023-05-02,01:18:33,3.4,17.92,-96.06,99.6,"20 km al SURESTE de TUXTEPEC, OAX ",2023-05-02,07:18:33,verificado
2023-05-02,01:46:04,3.4,16.28,-98.13,10.2,"11 km al SUROESTE de PINOTEPA NACIONAL, OAX ",2023-05-02,07:46:04,verificado
2023-05-02,01:58:46,3.7,16.1,-96.95,31.0,"29 km al NORESTE de PUERTO ESCONDIDO, OAX ",2023-05-02,07:58:46,verificado
2023-05-02,02:37:39,3.7,14.8,-93.5,21.5,"97 km al SUROESTE de MAPASTEPEC, CHIS ",2023-05-02,08:37:39,verificado
2023-05-02,02:58:29,3.6,16.59,-99.5,11.9,"25 km al SUROESTE de SAN MARCOS, GRO ",2023-05-02,08:58:29,verificado
2023-05-02,03:23:09,3.6,18.41,-103.14,4.6,"41 km al SUR de COALCOMAN, MICH ",2023-05-02,09:23:09,verificado
2023-05-02,03:32:14,3.9,16.01,-96.45,30.6,"29 km al NORTE de S PEDRO POCHUTLA, OAX ",2023-05-02,09:32:14,verificado
2023-05-02,04:00:00,4.2,15.68,-92.52,153.6,"41 km al OESTE de FRONTERA COMALAPA, CHIS ",2023-05-02,10:00:00,verificado
2023-05-02,05:08:38,3.4,18.05,-103.26,4.1,"81 km al SUR de COALCOMAN, MICH ",2023-05-02,11:08:38,verificado
2023-05-02,05:13:07,3.4,18.11,-103.2,2.6,"74 km al SUR de COALCOMAN, MICH ",2023-05-02,11:13:07,verificado
2023-05-02,05:15:36,3.6,16.38,-98.43,7.9,"34 km al SUR de OMETEPEC, GRO ",2023-05-02,11:15:36,verificado
2023-05-02,05:18:43,3.8,16.48,-93.82,122.0,"26 km al SUROESTE de CINTALAPA, CHIS ",2023-05-02,11:18:43,verificado
2023-05-02,06:23:46,3.4,16.11,-97.56,33.3,"17 km al NOROESTE de RIO GRANDE, OAX ",2023-05-02,12:23:46,verificado
2023-05-02,06:45:33,3.8,17.32,-94.03,168.8,"66 km al SUR de LAS CHOAPAS, VER ",2023-05-02,12:45:33,verificado
2023-05-02,06:55:20,3.9,17.08,-94.96,117.1,"24 km al NORESTE de MATIAS ROMERO, OAX ",2023-05-02,12:55:20,verificado
2023-05-02,07:19:26,4.0,17.22,-101.09,28.6,"40 km al SURESTE de PETATLAN, GRO ",2023-05-02,13:19:26,verificado
2023-05-02,07:28:31,3.6,30.79,-116.3,10.0,"31 km al OESTE de VICENTE GUERRERO, BC ",2023-05-02,13:28:31,verificado
2023-05-02,07:58:26,3.4,17.22,-101.1,28.8,"40 km al SURESTE de PETATLAN, GRO ",2023-05-02,13:58:26,verificado
2023-05-02,08:02:33,3.6,18.05,-103.37,5.0,"83 km al SUROESTE de COALCOMAN, MICH ",2023-05-02,14:02:33,verificado
2023-05-02,08:04:47,3.9,16.17,-97.6,11.4,"25 km al NOROESTE de RIO GRANDE, OAX ",2023-05-02,14:04:47,verificado
2023-05-02,08:11:47,3.7,16.22,-97.59,2.4,"29 km al NOROESTE de RIO GRANDE, OAX ",2023-05-02,14:11:47,verificado
2023-05-02,09:28:44,3.1,16.13,-97.6,15.2,"22 km al NOROESTE de RIO GRANDE, OAX ",2023-05-02,15:28:44,verificado
2023-05-02,10:22:02,3.5,17.06,-99.55,36.8,"34 km al NOROESTE de SAN MARCOS, GRO ",2023-05-02,16:22:02,verificado
2023-05-02,10:46:05,1.2,22.79,-102.6,2.0,"3 km al NOROESTE de ZACATECAS, ZAC ",2023-05-02,16:46:05,verificado
2023-05-02,10:51:05,3.6,18.67,-103.89,2.9,"27 km al SUR de TECOMAN, COL ",2023-05-02,16:51:05,verificado
2023-05-02,11:48:10,3.7,18.13,-103.21,10.1,"71 km al SUR de COALCOMAN, MICH ",2023-05-02,17:48:10,verificado
2023-05-02,12:39:26,3.6,15.48,-92.87,110.5,"5 km al NORESTE de MAPASTEPEC, CHIS ",2023-05-02,18:39:26,verificado
2023-05-02,13:03:41,3.6,17.04,-99.89,12.7,"19 km al NORTE de ACAPULCO, GRO ",2023-05-02,19:03:41,verificado
2023-05-02,13:09:24,2.5,20.3,-99.02,13.5,"9 km al NOROESTE de ACTOPAN, HGO ",2023-05-02,19:09:24,verificado
2023-05-02,13:14:17,3.8,16.46,-95.14,30.8,"12 km al SUROESTE de CD IXTEPEC, OAX ",2023-05-02,19:14:17,verificado
2023-05-02,13:42:15,3.8,16.97,-95.8,5.1,"72 km al ESTE de TLACOLULA, OAX ",2023-05-02,19:42:15,verificado
2023-05-02,13:45:12,3.4,26.04,-99.89,5.6,"29 km al NORESTE de CIENEGA DE FLORES, NL ",2023-05-02,19:45:12,verificado
2023-05-02,13:57:16,3.4,17.39,-94.98,128.0,"54 km al SUR de SAYULA DE ALEMAN, VER ",2023-05-02,19:57:16,verificado
2023-05-02,14:07:48,3.2,19.54,-102.33,5.1,"9 km al NORESTE de PERIBAN, MICH ",2023-05-02,20:07:48,verificado
2023-05-02,14:51:09,3.7,17.26,-101.14,49.5,"34 km al SURESTE de PETATLAN, GRO ",2023-05-02,20:51:09,verificado
2023-05-02,14:59:59,3.6,16.07,-97.26,8.4,"19 km al NORESTE de RIO GRANDE, OAX ",2023-05-02,20:59:59,verificado
2023-05-02,15:26:10,3.4,30.62,-114.44,5.0,"59 km al SURESTE de SAN FELIPE, BC ",2023-05-02,21:26:10,verificado
2023-05-02,16:35:03,3.3,19.23,-103.81,79.9,"4 km al NORTE de COQUIMATLAN, COL ",2023-05-02,22:35:03,verificado
2023-05-02,16:47:12,3.5,16.22,-98.08,9.3,"14 km al SUR de PINOTEPA NACIONAL, OAX ",2023-05-02,22:47:12,verificado
2023-05-02,17:13:26,2.1,19.55,-102.44,8.0,"5 km al NOROESTE de PERIBAN, MICH ",2023-05-02,23:13:26,verificado
2023-05-02,17:22:59,3.2,17.61,-101.16,14.3,"14 km al NORESTE de PETATLAN, GRO ",2023-05-02,23:22:59,verificado
2023-05-02,18:27:35,4.1,24.78,-109.13,16.4,"110 km al SUROESTE de G LEYVA SOLANO (BENITO JUAREZ), SIN ",2023-05-03,00:27:35,verificado
2023-05-02,19:24:38,3.7,16.0,-97.58,16.8,"15 km al OESTE de RIO GRANDE, OAX ",2023-05-03,01:24:38,verificado
2023-05-02,19:32:22,3.9,18.76,-104.56,13.1,"41 km al SUROESTE de MANZANILLO, COL ",2023-05-03,01:32:22,verificado
2023-05-02,19:51:07,4.1,18.74,-104.53,16.1,"41 km al SUROESTE de MANZANILLO, COL ",2023-05-03,01:51:07,verificado
2023-05-02,19:57:22,3.6,16.83,-95.27,6.8,"25 km al OESTE de MATIAS ROMERO, OAX ",2023-05-03,01:57:22,verificado
2023-05-02,19:59:18,3.4,19.37,-104.41,61.6,"22 km al NORESTE de CIHUATLAN, JAL ",2023-05-03,01:59:18,verificado
2023-05-02,20:04:31,3.4,15.51,-94.87,16.2,"82 km al SURESTE de SALINA CRUZ, OAX ",2023-05-03,02:04:31,verificado
2023-05-02,20:07:45,3.4,18.13,-103.29,9.0,"72 km al SUR de COALCOMAN, MICH ",2023-05-03,02:07:45,verificado
2023-05-02,20:15:27,2.7,20.2,-99.1,5.0,"10 km al SURESTE de PROGRESO, HGO ",2023-05-03,02:15:27,verificado
2023-05-02,20:47:43,3.5,16.72,-94.05,125.7,"35 km al OESTE de CINTALAPA, CHIS ",2023-05-03,02:47:43,verificado
2023-05-02,21:25:35,3.2,16.33,-98.22,6.0,"18 km al OESTE de PINOTEPA NACIONAL, OAX ",2023-05-03,03:25:35,verificado
2023-05-02,21:32:49,3.8,16.07,-97.53,10.3,"13 km al NOROESTE de RIO GRANDE, OAX ",2023-05-03,03:32:49,verificado
2023-05-02,22:04:06,4.0,16.49,-95.16,5.0,"10 km al SUROESTE de CD IXTEPEC, OAX ",2023-05-03,04:04:06,verificado
2023-05-02,22:10:54,3.2,16.96,-97.49,25.5,"40 km al SURESTE de H TLAXIACO, OAX ",2023-05-03,04:10:54,verificado
2023-05-02,22:34:50,3.8,15.62,-94.21,57.5,"71 km al SUROESTE de TONALA, CHIS ",2023-05-03,04:34:50,verificado
2023-05-02,22:50:24,3.3,16.06,-97.16,31.5,"23 km al NOROESTE de PUERTO ESCONDIDO, OAX ",2023-05-03,04:50:24,verificado
2023-05-02,23:02:40,3.2,16.63,-98.46,21.8,"8 km al SUROESTE de OMETEPEC, GRO ",2023-05-03,05:02:40,verificado
2023-05-02,23:10:56,3.8,16.01,-93.96,98.7,"24 km al SUROESTE de TONALA, CHIS ",2023-05-03,05:10:56,verificado
2023-05-02,23:59:29,4.0,16.17,-97.55,10.0,"21 km al NOROESTE de RIO GRANDE, OAX ",2023-05-03,05:59:29,verificado
2023-05-03,00:03:19,3.7,17.06,-94.15,143.1,"61 km al NOROESTE de CINTALAPA, CHIS ",2023-05-03,06:03:19,verificado
2023-05-03,00:34:23,3.6,15.86,-99.23,15.9,"105 km al SUR de SAN MARCOS, GRO ",2023-05-03,06:34:23,verificado
2023-05-03,00:39:48,3.8,18.05,-100.04,56.6,"39 km al SUROESTE de TELOLOAPAN, GRO ",2023-05-03,06:39:48,verificado
2023-05-03,00:41:40,3.7,15.58,-94.93,78.5,"72 km al SURESTE de SALINA CRUZ, OAX ",2023-05-03,06:41:40,verificado
2023-05-03,00:51:13,4.0,15.29,-94.82,17.0,"106 km al SURESTE de SALINA CRUZ, OAX ",2023-05-03,06:51:13,verificado
2023-05-03,01:19:14,3.7,16.91,-94.27,126.8,"63 km al NOROESTE de CINTALAPA, CHIS ",2023-05-03,07:19:14,verificado
2023-05-03,01:40:33,3.9,15.06,-94.13,57.2,"120 km al SUROESTE de TONALA, CHIS ",2023-05-03,07:40:33,verificado
2023-05-03,01:43:12,4.0,18.64,-103.93,6.6,"31 km al SUR de TECOMAN, COL ",2023-05-03,07:43:12,verificado
2023-05-03,02:03:45,4.5,27.67,-111.6,10.0,"75 km al SUROESTE de H GUAYMAS, SON ",2023-05-03,08:03:45,verificado
2023-05-03,02:17:55,3.4,17.44,-94.65,138.4,"58 km al SUR de JALTIPAN DE MORELOS, VER ",2023-05-03,08:17:55,verificado
2023-05-03,02:42:55,3.7,17.04,-93.95,160.7,"45 km al NOROESTE de CINTALAPA, CHIS ",2023-05-03,08:42:55,verificado
2023-05-03,02:44:25,3.3,16.19,-97.6,34.2,"26 km al NOROESTE de RIO GRANDE, OAX ",2023-05-03,08:44:25,verificado
2023-05-03,03:27:37,3.3,31.14,-115.6,14.3,"59 km al NORESTE de VICENTE GUERRERO, BC ",2023-05-03,09:27:37,verificado
2023-05-03,03:30:35,3.5,30.77,-116.32,10.0,"32 km al OESTE de VICENTE GUERRERO, BC ",2023-05-03,09:30:35,verificado
2023-05-03,03:35:36,3.5,27.39,-111.46,16.3,"80 km al SUROESTE de H GUAYMAS, SON ",2023-05-03,09:35:36,verificado
2023-05-03,04:30:50,3.7,19.41,-102.54,4.0,"17 km al SUROESTE de PERIBAN, MICH ",2023-05-03,10:30:50,verificado
2023-05-03,04:39:18,3.5,30.74,-116.21,10.0,"21 km al OESTE de VICENTE GUERRERO, BC ",2023-05-03,10:39:18,verificado
2023-05-03,04:49:52,2.5,20.21,-99.13,5.0,"7 km al SURESTE de PROGRESO, HGO ",2023-05-03,10:49:52,verificado
2023-05-03,04:57:55,3.7,17.31,-95.11,118.8,"49 km al NORTE de MATIAS ROMERO, OAX ",2023-05-03,10:57:55,verificado
2023-05-03,05:15:39,3.9,14.02,-93.23,10.0,"137 km al SUROESTE de CD HIDALGO, CHIS ",2023-05-03,11:15:39,verificado
2023-05-03,06:39:28,4.3,28.07,-111.61,15.0,"72 km al OESTE de H GUAYMAS, SON ",2023-05-03,12:39:28,verificado
2023-05-03,07:13:14,3.7,18.42,-103.53,19.2,"55 km al SUROESTE de COALCOMAN, MICH ",2023-05-03,13:13:14,verificado
2023-05-03,07:42:23,4.0,17.73,-102.11,23.0,"27 km al SURESTE de CD LAZARO CARDENAS, MICH ",2023-05-03,13:42:23,verificado
2023-05-03,08:34:12,4.0,14.9,-93.08,59.2,"63 km al SUROESTE de MAPASTEPEC, CHIS ",2023-05-03,14:34:12,verificado
2023-05-03,08:50:25,3.8,28.04,-112.31,8.0,"78 km al NORTE de SANTA ROSALIA, BCS ",2023-05-03,14:50:25,verificado
2023-05-03,09:04:55,4.0,15.09,-94.18,10.0,"119 km al SUROESTE de TONALA, CHIS ",2023-05-03,15:04:55,verificado
2023-05-03,09:15:11,3.7,32.29,-115.32,11.2,"20 km al OESTE de GPE VICTORIA(KM.43), BC ",2023-05-03,15:15:11,verificado
2023-05-03,09:18:18,3.5,32.34,-115.29,19.2,"19 km al NOROESTE de GPE VICTORIA(KM.43), BC ",2023-05-03,15:18:18,verificado
2023-05-03,09:34:40,4.1,14.19,-93.12,5.9,"117 km al SUROESTE de CD HIDALGO, CHIS ",2023-05-03,15:34:40,verificado
2023-05-03,09:49:12,3.9,15.01,-94.26,16.7,"131 km al SUROESTE de TONALA, CHIS ",2023-05-03,15:49:12,verificado
2023-05-03,10:17:26,3.8,18.1,-103.4,8.0,"79 km al SUROESTE de COALCOMAN, MICH ",2023-05-03,16:17:26,verificado
2023-05-03,11:33:07,3.9,15.26,-94.67,16.9,"117 km al SURESTE de SALINA CRUZ, OAX ",2023-05-03,17:33:07,verificado
2023-05-03,12:06:18,3.9,14.5,-93.16,8.2,"102 km al SUROESTE de HUIXTLA, CHIS ",2023-05-03,18:06:18,verificado
2023-05-03,12:23:29,3.7,15.59,-94.81,16.0,"78 km al SURESTE de SALINA CRUZ, OAX ",2023-05-03,18:23:29,verificado
2023-05-03,13:25:31,3.7,28.07,-109.33,10.0,"80 km al NORESTE de ESPERANZA, SON ",2023-05-03,19:25:31,verificado
2023-05-03,13:41:46,3.6,19.85,-104.36,32.0,"8 km al NORTE de AUTLAN DE NAVARRO, JAL ",2023-05-03,19:41:46,verificado
2023-05-03,14:04:25,3.5,17.28,-95.33,113.8,"54 km al NOROESTE de MATIAS ROMERO, OAX ",2023-05-03,20:04:25,verificado
2023-05-03,14:10:00,3.4,31.81,-116.34,22.0,"24 km al NORESTE de RODOLFO SANCHEZ T(MRO), BC ",2023-05-03,20:10:00,verificado
2023-05-03,15:26:01,3.5,19.66,-103.28,11.0,"3 km al SUROESTE de TAMAZULA, JAL ",2023-05-03,21:26:01,verificado
2023-05-03,15:26:50,3.8,16.23,-93.76,115.8,"15 km al ESTE de ARRIAGA , CHIS ",2023-05-03,21:26:50,verificado
2023-05-03,15:35:06,3.1,19.59,-104.52,60.9,"9 km al OESTE de CASIMIRO CASTILLO, JAL ",2023-05-03,21:35:06,verificado
2023-05-03,16:14:54,3.6,17.36,-94.65,127.4,"67 km al SURESTE de SAYULA DE ALEMAN, VER ",2023-05-03,22:14:54,verificado
2023-05-03,16:56:39,3.9,17.82,-93.95,10.0,"18 km al SURESTE de LAS CHOAPAS, VER ",2023-05-03,22:56:39,verificado
2023-05-03,17:00:10,3.6,17.27,-100.99,10.5,"39 km al OESTE de TECPAN, GRO ",2023-05-03,23:00:10,verificado
2023-05-03,17:18:01,3.1,19.36,-104.03,9.8,"29 km al NOROESTE de COQUIMATLAN, COL ",2023-05-03,23:18:01,verificado
2023-05-03,17:18:31,3.4,19.27,-104.08,10.5,"30 km al NOROESTE de COQUIMATLAN, COL ",2023-05-03,23:18:31,verificado
2023-05-03,17:37:55,4.0,18.14,-103.24,10.7,"71 km al SUR de COALCOMAN, MICH ",2023-05-03,23:37:55,verificado
2023-05-03,17:47:50,3.7,26.12,-100.95,15.3,"49 km al NOROESTE de GARCIA, NL ",2023-05-03,23:47:50,verificado
2023-05-03,17:58:13,3.8,17.4,-94.63,140.6,"64 km al SUR de JALTIPAN DE MORELOS, VER ",2023-05-03,23:58:13,verificado
2023-05-03,18:03:43,3.2,30.83,-116.23,15.1,"26 km al NOROESTE de VICENTE GUERRERO, BC ",2023-05-04,00:03:43,verificado
2023-05-03,18:04:37,3.3,31.32,-115.21,9.2,"48 km al NOROESTE de SAN FELIPE, BC ",2023-05-04,00:04:37,verificado
2023-05-03,18:48:06,3.7,19.57,-104.31,46.6,"14 km al SURESTE de CASIMIRO CASTILLO, JAL ",2023-05-04,00:48:06,verificado
2023-05-03,18:50:37,3.9,19.78,-104.41,84.3,"4 km al OESTE de AUTLAN DE NAVARRO, JAL ",2023-05-04,00:50:37,verificado
2023-05-03,19:42:21,3.8,15.49,-95.94,3.6,"37 km al SURESTE de CRUCECITA, OAX ",2023-05-04,01:42:21,verificado
2023-05-03,20:00:29,3.8,31.58,-114.58,10.2,"66 km al NORESTE de SAN FELIPE, BC ",2023-05-04,02:00:29,verificado
2023-05-03,20:11:18,4.0,14.95,-93.05,50.6,"57 km al SUROESTE de MAPASTEPEC, CHIS ",2023-05-04,02:11:18,verificado
2023-05-03,20:17:06,3.8,17.18,-95.22,109.5,"39 km al NOROESTE de MATIAS ROMERO, OAX ",2023-05-04,02:17:06,verificado
2023-05-03,20:27:00,3.4,17.34,-94.87,114.2,"55 km al NORESTE de MATIAS ROMERO, OAX ",2023-05-04,02:27:00,verificado
2023-05-03,20:27:20,3.0,16.21,-98.06,12.0,"15 km al SUR de PINOTEPA NACIONAL, OAX ",2023-05-04,02:27:20,verificado
2023-05-03,20:53:40,3.9,17.04,-99.98,29.7,"11 km al NORESTE de COYUCA DE BENITEZ, GRO ",2023-05-04,02:53:40,verificado
2023-05-03,21:17:37,4.0,19.35,-103.87,31.0,"17 km al NOROESTE de VILLA DE ALVAREZ, COL ",2023-05-04,03:17:37,verificado
2023-05-03,21:30:34,3.7,16.02,-97.26,41.1,"19 km al ESTE de RIO GRANDE, OAX ",2023-05-04,03:30:34,verificado
2023-05-03,21:39:31,4.2,16.91,-95.04,106.0,"4 km al NORTE de MATIAS ROMERO, OAX ",2023-05-04,03:39:31,verificado
2023-05-03,22:17:52,3.7,18.1,-103.32,13.2,"77 km al SUR de COALCOMAN, MICH ",2023-05-04,04:17:52,verificado
2023-05-03,22:58:50,3.6,17.62,-95.58,35.1,"46 km al SUROESTE de J RODRIGUEZ CLARA, VER ",2023-05-04,04:58:50,verificado
2023-05-03,23:39:29,3.9,17.84,-100.5,62.2,"57 km al SUROESTE de ARCELIA, GRO ",2023-05-04,05:39:29,verificado
2023-05-04,00:22:43,3.8,15.52,-94.92,16.1,"79 km al SURESTE de SALINA CRUZ, OAX ",2023-05-04,06:22:43,verificado
2023-05-04,00:28:19,3.6,16.13,-97.63,9.6,"25 km al NOROESTE de RIO GRANDE, OAX ",2023-05-04,06:28:19,verificado
2023-05-04,00:29:51,3.6,16.29,-98.29,10.0,"26 km al OESTE de PINOTEPA NACIONAL, OAX ",2023-05-04,06:29:51,verificado
2023-05-04,00:37:40,3.3,31.07,-115.07,10.0,"22 km al OESTE de SAN FELIPE, BC ",2023-05-04,06:37:40,verificado
2023-05-04,00:39:16,3.6,32.49,-115.17,3.8,"23 km al NOROESTE de GPE VICTORIA(KM.43), BC ",2023-05-04,06:39:16,verificado
2023-05-04,00:42:46,3.6,18.07,-103.35,11.4,"80 km al SUR de COALCOMAN, MICH ",2023-05-04,06:42:46,verificado
2023-05-04,00:58:02,3.6,18.08,-103.39,4.3,"81 km al SUROESTE de COALCOMAN, MICH ",2023-05-04,06:58:02,verificado
2023-05-04,01:30:05,3.4,16.73,-94.82,107.8,"28 km al NORTE de UNION HIDALGO, OAX ",2023-05-04,07:30:05,verificado
2023-05-04,01:31:50,3.9,15.76,-96.62,24.9,"17 km al OESTE de S PEDRO POCHUTLA, OAX ",2023-05-04,07:31:50,verificado
2023-05-04,01:43:59,3.8,16.02,-97.06,33.3,"17 km al NORTE de PUERTO ESCONDIDO, OAX ",2023-05-04,07:43:59,verificado
2023-05-04,01:47:41,3.6,17.04,-96.96,63.2,"20 km al OESTE de CUILAPAM, OAX ",2023-05-04,07:47:41,verificado
2023-05-04,01:57:46,3.8,18.1,-103.27,8.0,"76 km al SUR de COALCOMAN, MICH ",2023-05-04,07:57:46,verificado
2023-05-04,02:14:24,3.8,15.8,-96.6,13.7,"16 km al NOROESTE de S PEDRO POCHUTLA, OAX ",2023-05-04,08:14:24,verificado
2023-05-04,02:31:59,3.4,18.46,-103.76,3.4,"51 km al SUR de TECOMAN, COL ",2023-05-04,08:31:59,verificado
2023-05-04,02:40:33,3.7,15.64,-97.91,16.6,"65 km al SUROESTE de RIO GRANDE, OAX ",2023-05-04,08:40:33,verificado
2023-05-04,02:51:49,3.4,17.21,-94.04,171.0,"66 km al NOROESTE de CINTALAPA, CHIS ",2023-05-04,08:51:49,verificado
2023-05-04,03:11:38,3.6,18.1,-103.02,6.6,"73 km al OESTE de LA MIRA, MICH ",2023-05-04,09:11:38,verificado
2023-05-04,03:19:06,4.0,15.43,-92.02,212.4,"26 km al NORESTE de MOTOZINTLA, CHIS ",2023-05-04,09:19:06,verificado
2023-05-04,03:31:43,3.5,18.38,-103.1,4.6,"44 km al SUR de COALCOMAN, MICH ",2023-05-04,09:31:43,verificado
2023-05-04,03:35:27,3.5,17.11,-99.97,38.8,"17 km al NORESTE de COYUCA DE BENITEZ, GRO ",2023-05-04,09:35:27,verificado
2023-05-04,04:12:58,3.5,15.92,-97.7,16.5,"31 km al SUROESTE de RIO GRANDE, OAX ",2023-05-04,10:12:58,verificado
2023-05-04,04:42:31,4.1,14.88,-94.42,16.1,"151 km al SUROESTE de TONALA, CHIS ",2023-05-04,10:42:31,verificado
2023-05-04,05:12:43,3.7,18.38,-103.18,44.6,"44 km al SUR de COALCOMAN, MICH ",2023-05-04,11:12:43,verificado
2023-05-04,05:18:33,3.7,18.06,-103.28,5.0,"80 km al SUR de COALCOMAN, MICH ",2023-05-04,11:18:33,verificado
2023-05-04,05:53:25,3.9,15.86,-94.49,49.7,"76 km al SUROESTE de ARRIAGA , CHIS ",2023-05-04,11:53:25,verificado
2023-05-04,05:55:05,3.7,14.95,-93.69,17.7,"96 km al SUROESTE de PIJIJIAPAN, CHIS ",2023-05-04,11:55:05,verificado
2023-05-04,06:00:30,3.6,30.75,-116.25,10.0,"25 km al OESTE de VICENTE GUERRERO, BC ",2023-05-04,12:00:30,verificado
2023-05-04,07:56:37,3.7,28.0,-112.29,10.0,"74 km al NORTE de SANTA ROSALIA, BCS ",2023-05-04,13:56:37,verificado
2023-05-04,08:16:12,3.4,16.91,-100.12,12.6,"12 km al SUROESTE de COYUCA DE BENITEZ, GRO ",2023-05-04,14:16:12,verificado
2023-05-04,08:24:49,3.7,15.77,-93.45,95.7,"28 km al NOROESTE de PIJIJIAPAN, CHIS ",2023-05-04,14:24:49,verificado
2023-05-04,10:37:49,3.4,17.8,-96.98,70.1,"41 km al ESTE de TEPELMEME, OAX ",2023-05-04,16:37:49,verificado
2023-05-04,11:37:33,3.7,19.61,-104.05,88.2,"28 km al SURESTE de EL GRULLO, JAL ",2023-05-04,17:37:33,verificado
2023-05-04,11:39:23,4.2,16.15,-94.26,82.6,"39 km al OESTE de ARRIAGA , CHIS ",2023-05-04,17:39:23,verificado
2023-05-04,12:15:45,3.6,16.98,-94.84,114.3,"25 km al NORESTE de MATIAS ROMERO, OAX ",2023-05-04,18:15:45,verificado
2023-05-04,12:24:29,3.8,16.68,-99.41,29.3,"13 km al SUR de SAN MARCOS, GRO ",2023-05-04,18:24:29,verificado
2023-05-04,12:51:54,3.9,17.44,-102.78,6.1,"81 km al SUROESTE de LA MIRA, MICH ",2023-05-04,18:51:54,verificado
2023-05-04,13:42:33,3.7,17.19,-99.94,44.2,"25 km al NORESTE de COYUCA DE BENITEZ, GRO ",2023-05-04,19:42:33,verificado
2023-05-04,14:13:09,3.1,31.1,-115.42,17.1,"56 km al OESTE de SAN FELIPE, BC ",2023-05-04,20:13:09,verificado
2023-05-04,14:20:51,3.2,18.05,-98.18,52.5,"22 km al SUROESTE de ACATLAN DE OSORIO, PUE ",2023-05-04,20:20:51,verificado
2023-05-04,14:40:41,3.2,16.24,-98.07,26.4,"11 km al SUR de PINOTEPA NACIONAL, OAX ",2023-05-04,20:40:41,verificado
2023-05-04,14:44:18,3.5,30.36,-109.58,5.0,"10 km al ESTE de NACOZARI DE GARCIA, SON ",2023-05-04,20:44:18,verificado
2023-05-04,15:03:32,3.7,18.2,-103.33,18.4,"66 km al SUROESTE de COALCOMAN, MICH ",2023-05-04,21:03:32,verificado
2023-05-04,15:25:50,3.7,16.52,-93.56,148.1,"26 km al SURESTE de CINTALAPA, CHIS ",2023-05-04,21:25:50,verificado
2023-05-04,15:38:57,3.3,31.31,-115.21,8.5,"47 km al NOROESTE de SAN FELIPE, BC ",2023-05-04,21:38:57,verificado
2023-05-04,16:12:56,3.8,16.03,-93.9,92.7,"17 km al SUROESTE de TONALA, CHIS ",2023-05-04,22:12:56,verificado
2023-05-04,18:10:45,3.4,15.79,-96.27,31.0,"15 km al OESTE de CRUCECITA, OAX ",2023-05-05,00:10:45,verificado
2023-05-04,18:49:06,3.8,15.21,-95.64,33.8,"81 km al SURESTE de CRUCECITA, OAX ",2023-05-05,00:49:06,verificado
2023-05-04,19:35:42,3.4,27.44,-111.47,10.0,"78 km al SUROESTE de H GUAYMAS, SON ",2023-05-05,01:35:42,verificado
2023-05-04,19:36:39,4.4,14.32,-93.76,13.2,"156 km al SUROESTE de MAPASTEPEC, CHIS ",2023-05-05,01:36:39,verificado
2023-05-04,19:56:59,3.4,18.09,-103.3,9.9,"78 km al SUR de COALCOMAN, MICH ",2023-05-05,01:56:59,verificado
2023-05-04,19:57:37,3.6,19.19,-104.08,3.6,"28 km al OESTE de COQUIMATLAN, COL ",2023-05-05,01:57:37,verificado
2023-05-04,20:19:52,4.1,14.32,-93.61,34.6,"146 km al SUROESTE de MAPASTEPEC, CHIS ",2023-05-05,02:19:52,verificado
2023-05-04,21:02:34,3.3,30.72,-116.35,10.0,"35 km al OESTE de VICENTE GUERRERO, BC ",2023-05-05,03:02:34,verificado
2023-05-04,22:18:49,3.9,14.27,-93.61,10.0,"150 km al SUROESTE de MAPASTEPEC, CHIS ",2023-05-05,04:18:49,verificado
2023-05-05,00:59:59,3.5,30.79,-116.3,10.0,"31 km al OESTE de VICENTE GUERRERO, BC ",2023-05-05,06:59:59,verificado
2023-05-05,01:11:28,3.3,14.99,-92.7,98.7,"30 km al SUROESTE de HUIXTLA, CHIS ",2023-05-05,07:11:28,verificado
2023-05-05,01:22:43,3.7,16.37,-98.32,6.2,"29 km al OESTE de PINOTEPA NACIONAL, OAX ",2023-05-05,07:22:43,verificado
2023-05-05,01:41:07,4.2,28.04,-112.14,10.0,"78 km al NORTE de SANTA ROSALIA, BCS ",2023-05-05,07:41:07,verificado
2023-05-05,02:13:28,3.9,14.26,-94.08,31.6,"183 km al SUROESTE de MAPASTEPEC, CHIS ",2023-05-05,08:13:28,verificado
2023-05-05,02:35:26,3.8,16.16,-97.61,5.0,"25 km al NOROESTE de RIO GRANDE, OAX ",2023-05-05,08:35:26,verificado
2023-05-05,03:14:55,3.3,31.55,-115.62,18.0,"92 km al ESTE de RODOLFO SANCHEZ T(MRO), BC ",2023-05-05,09:14:55,verificado
2023-05-05,04:25:03,3.7,15.34,-93.42,91.1,"45 km al SUROESTE de PIJIJIAPAN, CHIS ",2023-05-05,10:25:03,verificado
2023-05-05,05:17:16,2.9,16.23,-98.06,6.8,"12 km al SUR de PINOTEPA NACIONAL, OAX ",2023-05-05,11:17:16,verificado
2023-05-05,05:17:30,3.1,27.4,-111.44,16.1,"78 km al SUROESTE de H GUAYMAS, SON ",2023-05-05,11:17:30,verificado
2023-05-05,05:20:00,3.0,19.12,-104.28,13.7,"8 km al NORESTE de MANZANILLO, COL ",2023-05-05,11:20:00,verificado
2023-05-05,05:23:17,2.9,19.2,-104.09,7.8,"29 km al NORESTE de MANZANILLO, COL ",2023-05-05,11:23:17,verificado
2023-05-05,05:36:10,3.6,16.83,-99.61,18.9,"23 km al OESTE de SAN MARCOS, GRO ",2023-05-05,11:36:10,verificado
2023-05-05,06:15:42,3.8,16.0,-95.23,21.0,"20 km al SUR de SALINA CRUZ, OAX ",2023-05-05,12:15:42,verificado
2023-05-05,06:37:58,3.8,15.47,-95.94,4.8,"39 km al SURESTE de CRUCECITA, OAX ",2023-05-05,12:37:58,verificado
2023-05-05,06:43:36,3.7,15.48,-95.98,8.4,"36 km al SURESTE de CRUCECITA, OAX ",2023-05-05,12:43:36,verificado
2023-05-05,06:50:50,4.1,15.6,-95.03,16.1,"67 km al SURESTE de SALINA CRUZ, OAX ",2023-05-05,12:50:50,verificado
2023-05-05,06:57:19,3.8,15.69,-95.09,44.2,"56 km al SUR de SALINA CRUZ, OAX ",2023-05-05,12:57:19,verificado
2023-05-05,08:02:09,3.8,16.79,-94.01,142.3,"32 km al NOROESTE de CINTALAPA, CHIS ",2023-05-05,14:02:09,verificado
2023-05-05,08:05:51,3.6,15.88,-95.14,25.0,"34 km al SUR de SALINA CRUZ, OAX ",2023-05-05,14:05:51,verificado
2023-05-05,08:24:20,3.5,16.72,-94.68,125.4,"31 km al NORESTE de UNION HIDALGO, OAX ",2023-05-05,14:24:20,verificado
2023-05-05,08:37:12,3.5,32.16,-114.95,22.0,"20 km al SURESTE de GPE VICTORIA(KM.43), BC ",2023-05-05,14:37:12,verificado
2023-05-05,09:23:00,3.9,15.52,-95.97,2.1,"32 km al SURESTE de CRUCECITA, OAX ",2023-05-05,15:23:00,verificado
2023-05-05,09:27:17,3.4,16.28,-95.4,3.5,"18 km al SUROESTE de TEHUANTEPEC, OAX ",2023-05-05,15:27:17,verificado
2023-05-05,10:19:32,3.7,21.53,-99.04,16.2,"39 km al NOROESTE de TAMAZUNCHALE, SLP ",2023-05-05,16:19:32,verificado
2023-05-05,10:39:07,4.1,28.12,-112.29,14.6,"86 km al NORTE de SANTA ROSALIA, BCS ",2023-05-05,16:39:07,verificado
2023-05-05,11:09:24,2.8,16.52,-98.28,2.0,"22 km al SURESTE de OMETEPEC, GRO ",2023-05-05,17:09:24,verificado
2023-05-05,11:10:14,3.1,16.94,-93.99,140.8,"39 km al NOROESTE de CINTALAPA, CHIS ",2023-05-05,17:10:14,verificado
2023-05-05,11:31:58,3.4,16.98,-99.05,44.1,"41 km al NORESTE de SAN MARCOS, GRO ",2023-05-05,17:31:58,verificado
2023-05-05,11:53:51,3.1,16.47,-98.31,22.0,"26 km al SURESTE de OMETEPEC, GRO ",2023-05-05,17:53:51,verificado
2023-05-05,12:31:54,2.9,19.12,-103.66,24.6,"15 km al SURESTE de COLIMA, COL ",2023-05-05,18:31:54,verificado
2023-05-05,14:16:36,3.6,30.78,-116.32,10.0,"32 km al OESTE de VICENTE GUERRERO, BC ",2023-05-05,20:16:36,verificado
2023-05-05,15:34:04,3.5,30.75,-116.33,12.9,"33 km al OESTE de VICENTE GUERRERO, BC ",2023-05-05,21:34:04,verificado
2023-05-05,15:41:06,3.5,30.77,-116.34,11.5,"34 km al OESTE de VICENTE GUERRERO, BC ",2023-05-05,21:41:06,verificado
2023-05-05,16:02:50,3.6,28.01,-112.23,15.5,"74 km al NORTE de SANTA ROSALIA, BCS ",2023-05-05,22:02:50,verificado
2023-05-05,16:43:37,0.6,22.81,-102.59,1.0,"5 km al NOROESTE de ZACATECAS, ZAC ",2023-05-05,22:43:37,verificado
2023-05-05,16:49:25,3.4,30.81,-116.26,12.3,"27 km al NOROESTE de VICENTE GUERRERO, BC ",2023-05-05,22:49:25,verificado
2023-05-05,16:50:43,3.5,16.57,-98.44,18.8,"13 km al SUR de OMETEPEC, GRO ",2023-05-05,22:50:43,verificado
2023-05-05,17:23:00,3.4,30.82,-116.27,9.0,"28 km al NOROESTE de VICENTE GUERRERO, BC ",2023-05-05,23:23:00,verificado
2023-05-05,17:47:23,3.3,16.8,-99.34,5.0,"5 km al ESTE de SAN MARCOS, GRO ",2023-05-05,23:47:23,verificado
2023-05-05,18:04:01,3.2,31.09,-116.74,12.5,"72 km al SUR de RODOLFO SANCHEZ T(MRO), BC ",2023-05-06,00:04:01,verificado
2023-05-05,18:04:14,3.4,14.86,-94.31,17.7,"148 km al SUROESTE de TONALA, CHIS ",2023-05-06,00:04:14,verificado
2023-05-05,18:27:06,3.4,15.94,-97.96,15.0,"46 km al SUR de PINOTEPA NACIONAL, OAX ",2023-05-06,00:27:06,verificado
2023-05-05,18:33:58,3.3,30.77,-116.32,10.9,"32 km al OESTE de VICENTE GUERRERO, BC ",2023-05-06,00:33:58,verificado
2023-05-05,18:44:31,3.3,31.47,-115.63,22.0,"89 km al NORESTE de VICENTE GUERRERO, BC ",2023-05-06,00:44:31,verificado
2023-05-05,20:25:27,3.8,15.19,-93.91,7.5,"93 km al SUROESTE de PIJIJIAPAN, CHIS ",2023-05-06,02:25:27,verificado
2023-05-05,20:25:52,4.0,18.35,-100.91,31.9,"25 km al OESTE de CD ALTAMIRANO, GRO ",2023-05-06,02:25:52,verificado
2023-05-05,20:52:34,3.8,16.12,-97.26,29.9,"22 km al NORESTE de RIO GRANDE, OAX ",2023-05-06,02:52:34,verificado
2023-05-05,20:56:52,4.0,16.48,-95.1,2.0,"9 km al NOROESTE de JUCHITAN DE ZARAGOZA, OAX ",2023-05-06,02:56:52,verificado
2023-05-05,21:05:26,3.5,15.95,-92.68,208.5,"45 km al SUROESTE de VENUSTIANO CARRANZA, CHIS ",2023-05-06,03:05:26,verificado
2023-05-05,21:28:18,4.1,15.27,-95.65,16.1,"76 km al SURESTE de CRUCECITA, OAX ",2023-05-06,03:28:18,verificado
2023-05-05,21:30:19,3.6,18.08,-103.26,5.9,"77 km al SUR de COALCOMAN, MICH ",2023-05-06,03:30:19,verificado
2023-05-05,21:59:59,3.5,16.51,-98.51,13.4,"22 km al SUROESTE de OMETEPEC, GRO ",2023-05-06,03:59:59,verificado
2023-05-05,22:08:33,3.3,19.19,-102.5,8.0,"19 km al NOROESTE de APATZINGAN, MICH ",2023-05-06,04:08:33,verificado
2023-05-05,22:42:06,3.6,16.56,-93.7,126.9,"15 km al SUR de CINTALAPA, CHIS ",2023-05-06,04:42:06,verificado
2023-05-05,22:46:01,3.4,19.1,-104.86,49.2,"35 km al SUROESTE de CIHUATLAN, JAL ",2023-05-06,04:46:01,verificado
2023-05-05,22:56:24,5.0,15.76,-92.56,178.3,"46 km al OESTE de FRONTERA COMALAPA, CHIS ",2023-05-06,04:56:24,verificado
2023-05-06,00:43:38,3.9,14.89,-94.58,16.1,"158 km al SURESTE de SALINA CRUZ, OAX ",2023-05-06,06:43:38,verificado
2023-05-06,00:58:08,3.0,16.09,-97.5,32.1,"11 km al NOROESTE de RIO GRANDE, OAX ",2023-05-06,06:58:08,verificado
2023-05-06,01:14:07,2.8,31.1,-115.1,6.3,"26 km al NOROESTE de SAN FELIPE, BC ",2023-05-06,07:14:07,verificado
2023-05-06,01:34:52,4.0,26.2,-103.31,10.0,"48 km al NORTE de FCO I. MADERO, COAH ",2023-05-06,07:34:52,verificado
2023-05-06,01:48:36,3.7,19.57,-102.39,2.2,"7 km al NORESTE de PERIBAN, MICH ",2023-05-06,07:48:36,verificado
2023-05-06,01:54:06,3.3,17.43,-94.55,136.2,"62 km al SURESTE de JALTIPAN DE MORELOS, VER ",2023-05-06,07:54:06,verificado
2023-05-06,02:10:51,3.9,17.62,-94.44,53.8,"42 km al SURESTE de MINATITLAN, VER ",2023-05-06,08:10:51,verificado
2023-05-06,02:17:58,3.1,18.55,-103.28,45.9,"28 km al SUROESTE de COALCOMAN, MICH ",2023-05-06,08:17:58,verificado
2023-05-06,02:27:44,3.5,16.09,-93.4,122.1,"21 km al SUROESTE de VILLAFLORES, CHIS ",2023-05-06,08:27:44,verificado
2023-05-06,02:34:03,3.1,30.62,-115.13,3.1,"53 km al SUROESTE de SAN FELIPE, BC ",2023-05-06,08:34:03,verificado
2023-05-06,02:37:42,3.7,15.38,-94.79,16.1,"99 km al SURESTE de SALINA CRUZ, OAX ",2023-05-06,08:37:42,verificado
2023-05-06,03:02:31,3.4,31.4,-115.27,10.1,"58 km al NOROESTE de SAN FELIPE, BC ",2023-05-06,09:02:31,verificado
2023-05-06,03:13:06,3.8,17.1,-94.06,156.6,"58 km al NOROESTE de CINTALAPA, CHIS ",2023-05-06,09:13:06,verificado
2023-05-06,03:26:16,4.0,15.95,-93.64,97.3,"20 km al SURESTE de TONALA, CHIS ",2023-05-06,09:26:16,verificado
2023-05-06,03:26:21,3.9,30.77,-116.33,11.1,"33 km al OESTE de VICENTE GUERRERO, BC ",2023-05-06,09:26:21,verificado
2023-05-06,03:40:04,3.7,17.04,-99.97,33.8,"13 km al ESTE de COYUCA DE BENITEZ, GRO ",2023-05-06,09:40:04,verificado
2023-05-06,04:51:20,3.0,31.41,-115.2,12.3,"55 km al NOROESTE de SAN FELIPE, BC ",2023-05-06,10:51:20,verificado
2023-05-06,04:55:35,3.2,16.97,-100.05,15.0,"6 km al SURESTE de COYUCA DE BENITEZ, GRO ",2023-05-06,10:55:35,verificado
2023-05-06,06:24:10,3.6,30.9,-116.13,5.0,"23 km al NOROESTE de VICENTE GUERRERO, BC ",2023-05-06,12:24:10,verificado
2023-05-06,06:29:47,3.6,17.37,-101.36,8.1,"21 km al SUROESTE de PETATLAN, GRO ",2023-05-06,12:29:47,verificado
2023-05-06,06:35:46,3.7,17.08,-95.57,93.2,"61 km al NOROESTE de MATIAS ROMERO, OAX ",2023-05-06,12:35:46,verificado
2023-05-06,08:02:55,3.4,16.18,-98.25,7.9,"28 km al SUROESTE de PINOTEPA NACIONAL, OAX ",2023-05-06,14:02:55,verificado
2023-05-06,08:16:03,3.9,32.61,-115.47,20.2,"6 km al SUR de MEXICALI, BC ",2023-05-06,14:16:03,verificado
2023-05-06,09:24:24,3.8,16.89,-95.22,106.6,"19 km al OESTE de MATIAS ROMERO, OAX ",2023-05-06,15:24:24,verificado
2023-05-06,10:16:55,4.1,19.05,-107.49,10.0,"293 km al SUROESTE de PUERTO VALLARTA, JAL ",2023-05-06,16:16:55,verificado
2023-05-06,10:43:22,4.1,15.02,-96.61,17.5,"81 km al SUR de S PEDRO POCHUTLA, OAX ",2023-05-06,16:43:22,verificado
2023-05-06,10:44:19,3.4,30.75,-116.34,10.0,"34 km al OESTE de VICENTE GUERRERO, BC ",2023-05-06,16:44:19,verificado
2023-05-06,10:45:41,3.6,30.9,-116.18,8.7,"26 km al NOROESTE de VICENTE GUERRERO, BC ",2023-05-06,16:45:41,verificado
2023-05-06,11:32:59,3.4,16.49,-97.84,40.9,"28 km al NORESTE de PINOTEPA NACIONAL, OAX ",2023-05-06,17:32:59,verificado
2023-05-06,11:52:19,3.6,16.26,-98.27,7.9,"25 km al SUROESTE de PINOTEPA NACIONAL, OAX ",2023-05-06,17:52:19,verificado
2023-05-06,12:37:56,3.5,15.78,-96.77,10.0,"33 km al OESTE de S PEDRO POCHUTLA, OAX ",2023-05-06,18:37:56,verificado
2023-05-06,13:37:17,3.6,15.58,-92.35,194.2,"24 km al SUROESTE de FRONTERA COMALAPA, CHIS ",2023-05-06,19:37:17,verificado
2023-05-06,14:51:16,2.8,30.87,-116.18,8.9,"24 km al NOROESTE de VICENTE GUERRERO, BC ",2023-05-06,20:51:16,verificado
2023-05-06,15:15:23,3.5,17.86,-95.29,26.7,"19 km al SURESTE de J RODRIGUEZ CLARA, VER ",2023-05-06,21:15:23,verificado
2023-05-06,15:54:19,3.7,15.84,-93.65,102.1,"29 km al SURESTE de TONALA, CHIS ",2023-05-06,21:54:19,verificado
2023-05-06,16:07:35,3.7,17.27,-101.1,15.7,"35 km al SURESTE de PETATLAN, GRO ",2023-05-06,22:07:35,verificado
2023-05-06,16:16:46,3.7,16.02,-97.56,31.0,"14 km al OESTE de RIO GRANDE, OAX ",2023-05-06,22:16:46,verificado
2023-05-06,17:08:44,3.5,15.65,-93.87,16.3,"50 km al SUR de TONALA, CHIS ",2023-05-06,23:08:44,verificado
2023-05-06,17:57:33,3.4,17.79,-94.73,117.4,"19 km al SUR de JALTIPAN DE MORELOS, VER ",2023-05-06,23:57:33,verificado
2023-05-06,18:26:57,3.4,27.45,-111.45,8.7,"75 km al SUROESTE de H GUAYMAS, SON ",2023-05-07,00:26:57,verificado
2023-05-06,19:08:39,3.7,14.3,-93.72,10.0,"155 km al SUROESTE de MAPASTEPEC, CHIS ",2023-05-07,01:08:39,verificado
2023-05-06,19:16:17,4.0,17.32,-100.87,29.8,"28 km al NOROESTE de TECPAN, GRO ",2023-05-07,01:16:17,verificado
2023-05-06,19:21:43,3.3,18.08,-103.28,8.6,"78 km al SUR de COALCOMAN, MICH ",2023-05-07,01:21:43,verificado
2023-05-06,19:40:35,3.7,18.41,-93.42,36.3,"22 km al OESTE de PARAISO, TAB ",2023-05-07,01:40:35,verificado
2023-05-06,19:58:16,3.3,17.09,-95.48,98.2,"53 km al NOROESTE de MATIAS ROMERO, OAX ",2023-05-07,01:58:16,verificado
2023-05-06,20:32:09,3.2,18.09,-103.37,10.0,"79 km al SUROESTE de COALCOMAN, MICH ",2023-05-07,02:32:09,verificado
2023-05-06,20:41:48,3.3,19.57,-102.43,6.0,"5 km al SURESTE de LOS REYES DE SALGADO, MICH ",2023-05-07,02:41:48,verificado
2023-05-06,20:48:23,3.9,17.02,-94.55,136.7,"55 km al NORESTE de MATIAS ROMERO, OAX ",2023-05-07,02:48:23,verificado
2023-05-06,20:57:51,3.6,17.02,-94.06,156.8,"51 km al NOROESTE de CINTALAPA, CHIS ",2023-05-07,02:57:51,verificado
2023-05-06,21:26:41,3.2,16.78,-100.18,14.2,"27 km al SUROESTE de COYUCA DE BENITEZ, GRO ",2023-05-07,03:26:41,verificado
2023-05-06,21:59:31,4.2,15.94,-95.28,44.2,"29 km al SUROESTE de SALINA CRUZ, OAX ",2023-05-07,03:59:31,verificado
2023-05-06,22:02:28,3.4,16.04,-98.54,3.3,"62 km al SUROESTE de PINOTEPA NACIONAL, OAX ",2023-05-07,04:02:28,verificado
2023-05-06,23:43:35,3.0,17.2,-99.86,53.1,"32 km al NORESTE de COYUCA DE BENITEZ, GRO ",2023-05-07,05:43:35,verificado
2023-05-07,00:13:40,3.8,15.81,-92.72,166.2,"45 km al NORESTE de MAPASTEPEC, CHIS ",2023-05-07,06:13:40,verificado
2023-05-07,01:03:21,3.8,16.03,-97.64,12.6,"22 km al OESTE de RIO GRANDE, OAX ",2023-05-07,07:03:21,verificado
2023-05-07,01:27:32,3.4,15.81,-95.73,50.1,"44 km al ESTE de CRUCECITA, OAX ",2023-05-07,07:27:32,verificado
2023-05-07,02:17:00,3.9,15.72,-94.2,55.8,"63 km al SUROESTE de TONALA, CHIS ",2023-05-07,08:17:00,verificado
2023-05-07,02:31:07,3.2,16.56,-99.22,7.2,"32 km al SURESTE de SAN MARCOS, GRO ",2023-05-07,08:31:07,verificado
2023-05-07,02:56:02,2.9,16.85,-99.8,27.7,"11 km al ESTE de ACAPULCO, GRO ",2023-05-07,08:56:02,verificado
2023-05-07,03:54:23,4.0,15.97,-96.92,12.2,"20 km al NORESTE de PUERTO ESCONDIDO, OAX ",2023-05-07,09:54:23,verificado
2023-05-07,04:03:08,3.7,30.75,-116.31,15.0,"31 km al OESTE de VICENTE GUERRERO, BC ",2023-05-07,10:03:08,verificado
2023-05-07,04:11:26,3.9,16.33,-98.24,3.0,"20 km al OESTE de PINOTEPA NACIONAL, OAX ",2023-05-07,10:11:26,verificado
2023-05-07,04:30:05,4.3,25.98,-110.28,14.6,"106 km al ESTE de LORETO, BCS ",2023-05-07,10:30:05,verificado
2023-05-07,04:39:06,3.8,15.17,-93.37,66.6,"60 km al SUROESTE de PIJIJIAPAN, CHIS ",2023-05-07,10:39:06,verificado
2023-05-07,04:53:25,3.6,17.36,-94.79,129.4,"60 km al SURESTE de SAYULA DE ALEMAN, VER ",2023-05-07,10:53:25,verificado
2023-05-07,05:00:13,3.8,18.24,-102.2,53.3,"25 km al NORTE de LAS GUACAMAYAS, MICH ",2023-05-07,11:00:13,verificado
2023-05-07,05:34:03,3.8,16.4,-93.92,112.8,"19 km al NORTE de ARRIAGA , CHIS ",2023-05-07,11:34:03,verificado
2023-05-07,05:36:25,3.7,15.16,-93.1,79.4,"38 km al SUROESTE de MAPASTEPEC, CHIS ",2023-05-07,11:36:25,verificado
2023-05-07,05:38:16,3.8,15.26,-94.73,17.7,"114 km al SURESTE de SALINA CRUZ, OAX ",2023-05-07,11:38:16,verificado
2023-05-07,06:04:41,3.7,19.0,-102.2,13.6,"11 km al OESTE de NUEVA ITALIA, MICH ",2023-05-07,12:04:41,verificado
2023-05-07,06:24:54,3.7,16.04,-97.86,10.2,"40 km al SURESTE de PINOTEPA NACIONAL, OAX ",2023-05-07,12:24:54,verificado
2023-05-07,06:57:23,4.0,14.9,-97.38,8.9,"111 km al SUROESTE de PUERTO ESCONDIDO, OAX ",2023-05-07,12:57:23,verificado
2023-05-07,07:03:56,3.3,30.79,-116.13,5.0,"15 km al NOROESTE de VICENTE GUERRERO, BC ",2023-05-07,13:03:56,verificado
2023-05-07,07:19:38,3.3,31.02,-115.07,10.3,"22 km al OESTE de SAN FELIPE, BC ",2023-05-07,13:19:38,verificado
2023-05-07,08:43:35,3.6,28.09,-112.32,10.0,"83 km al NORTE de SANTA ROSALIA, BCS ",2023-05-07,14:43:35,verificado
2023-05-07,08:59:17,3.5,31.01,-115.32,13.3,"47 km al OESTE de SAN FELIPE, BC ",2023-05-07,14:59:17,verificado
2023-05-07,09:12:46,3.6,31.81,-114.79,3.5,"61 km al SURESTE de GPE VICTORIA(KM.43), BC ",2023-05-07,15:12:46,verificado
2023-05-07,09:58:30,3.3,15.99,-97.43,25.9,"2 km al SURESTE de RIO GRANDE, OAX ",2023-05-07,15:58:30,verificado
2023-05-07,10:08:07,3.4,16.72,-94.54,10.0,"41 km al NORESTE de UNION HIDALGO, OAX ",2023-05-07,16:08:07,verificado
2023-05-07,10:27:11,3.7,15.47,-96.04,3.1,"35 km al SURESTE de CRUCECITA, OAX ",2023-05-07,16:27:11,verificado
2023-05-07,11:22:26,4.0,15.48,-95.94,2.9,"38 km al SURESTE de CRUCECITA, OAX ",2023-05-07,17:22:26,verificado
2023-05-07,11:27:55,3.6,15.59,-95.99,3.0,"25 km al SURESTE de CRUCECITA, OAX ",2023-05-07,17:27:55,verificado
2023-05-07,11:39:21,3.7,15.58,-96.04,3.0,"23 km al SURESTE de CRUCECITA, OAX ",2023-05-07,17:39:21,verificado
2023-05-07,11:39:21,3.7,15.59,-96.02,3.0,"23 km al SURESTE de CRUCECITA, OAX ",2023-05-07,17:39:21,verificado
2023-05-07,11:55:00,3.6,14.11,-92.11,24.8,"63 km al SUR de CD HIDALGO, CHIS ",2023-05-07,17:55:00,verificado
2023-05-07,12:02:51,3.7,19.29,-104.26,3.0,"27 km al NORTE de MANZANILLO, COL ",2023-05-07,18:02:51,verificado
2023-05-07,12:33:53,3.5,16.6,-99.25,5.9,"26 km al SURESTE de SAN MARCOS, GRO ",2023-05-07,18:33:53,verificado
2023-05-07,12:36:09,3.6,16.9,-95.13,104.8,"10 km al NOROESTE de MATIAS ROMERO, OAX ",2023-05-07,18:36:09,verificado
2023-05-07,13:25:53,3.5,16.56,-98.6,18.7,"25 km al SUROESTE de OMETEPEC, GRO ",2023-05-07,19:25:53,verificado
2023-05-07,13:57:33,3.7,14.96,-92.08,144.4,"10 km al SURESTE de CACAHOATAN, CHIS ",2023-05-07,19:57:33,verificado
2023-05-07,15:00:36,3.8,14.92,-94.22,5.6,"137 km al SUROESTE de PIJIJIAPAN, CHIS ",2023-05-07,21:00:36,verificado
2023-05-07,15:03:26,3.4,31.45,-115.57,10.0,"84 km al NOROESTE de SAN FELIPE, BC ",2023-05-07,21:03:26,verificado
2023-05-07,15:58:12,3.4,15.74,-91.95,16.6,"23 km al NORESTE de FRONTERA COMALAPA, CHIS ",2023-05-07,21:58:12,verificado
2023-05-07,16:33:38,4.0,15.82,-93.82,87.4,"31 km al SUR de TONALA, CHIS ",2023-05-07,22:33:38,verificado
2023-05-07,16:56:44,3.7,14.5,-93.1,67.4,"98 km al SUROESTE de HUIXTLA, CHIS ",2023-05-07,22:56:44,verificado
2023-05-07,17:41:06,4.2,15.16,-92.82,94.8,"32 km al SUR de MAPASTEPEC, CHIS ",2023-05-07,23:41:06,verificado
2023-05-07,18:36:11,3.4,15.36,-92.28,143.7,"4 km al OESTE de MOTOZINTLA, CHIS ",2023-05-08,00:36:11,verificado
2023-05-07,19:00:07,4.1,17.47,-104.08,16.7,"160 km al SUR de TECOMAN, COL ",2023-05-08,01:00:07,verificado
2023-05-07,19:01:58,3.9,17.53,-104.32,5.4,"159 km al SUROESTE de TECOMAN, COL ",2023-05-08,01:01:58,verificado
2023-05-07,19:46:29,3.6,15.7,-92.63,157.1,"40 km al NORESTE de MAPASTEPEC, CHIS ",2023-05-08,01:46:29,verificado
2023-05-07,19:54:41,3.4,18.26,-103.11,9.9,"57 km al SUR de COALCOMAN, MICH ",2023-05-08,01:54:41,verificado
2023-05-07,20:27:42,3.8,14.11,-92.3,48.8,"65 km al SUR de CD HIDALGO, CHIS ",2023-05-08,02:27:42,verificado
2023-05-07,21:13:56,3.4,28.08,-112.28,16.1,"82 km al NORTE de SANTA ROSALIA, BCS ",2023-05-08,03:13:56,verificado
2023-05-07,21:34:45,4.0,15.41,-94.78,17.1,"96 km al SURESTE de SALINA CRUZ, OAX ",2023-05-08,03:34:45,verificado
2023-05-07,21:38:03,3.8,15.39,-94.76,16.0,"100 km al SURESTE de SALINA CRUZ, OAX ",2023-05-08,03:38:03,verificado
2023-05-07,21:50:47,3.5,17.49,-94.61,140.6,"53 km al SUR de JALTIPAN DE MORELOS, VER ",2023-05-08,03:50:47,verificado
2023-05-07,21:56:07,3.5,30.93,-115.27,15.6,"43 km al OESTE de SAN FELIPE, BC ",2023-05-08,03:56:07,verificado
2023-05-07,21:59:46,3.8,15.39,-94.72,17.6,"101 km al SURESTE de SALINA CRUZ, OAX ",2023-05-08,03:59:46,verificado
2023-05-07,22:02:30,3.6,19.17,-104.09,5.4,"27 km al NORESTE de MANZANILLO, COL ",2023-05-08,04:02:30,verificado
2023-05-07,22:10:07,3.5,27.47,-111.37,19.9,"68 km al SUROESTE de H GUAYMAS, SON ",2023-05-08,04:10:07,verificado
2023-05-07,23:25:49,3.6,27.59,-111.59,6.2,"73 km al NORESTE de SANTA ROSALIA, BCS ",2023-05-08,05:25:49,verificado
2023-05-07,23:32:58,3.9,14.5,-92.91,17.5,"83 km al SUROESTE de TAPACHULA, CHIS ",2023-05-08,05:32:58,verificado
2023-05-08,00:07:47,3.5,16.88,-95.04,102.7,"1 km al NORTE de MATIAS ROMERO, OAX ",2023-05-08,06:07:47,verificado
2023-05-08,00:32:41,3.7,18.52,-102.72,15.3,"54 km al SURESTE de COALCOMAN, MICH ",2023-05-08,06:32:41,verificado
2023-05-08,00:34:15,3.7,15.51,-92.28,175.3,"16 km al NORTE de MOTOZINTLA, CHIS ",2023-05-08,06:34:15,verificado
2023-05-08,01:00:42,3.5,17.23,-95.06,113.8,"40 km al NORTE de MATIAS ROMERO, OAX ",2023-05-08,07:00:42,verificado
2023-05-08,01:05:53,4.2,14.87,-94.27,17.4,"145 km al SUROESTE de TONALA, CHIS ",2023-05-08,07:05:53,verificado
2023-05-08,01:48:17,4.3,14.54,-92.36,72.7,"27 km al SUROESTE de CD HIDALGO, CHIS ",2023-05-08,07:48:17,verificado
2023-05-08,02:36:31,3.4,19.29,-104.31,33.8,"26 km al NORTE de MANZANILLO, COL ",2023-05-08,08:36:31,verificado
2023-05-08,02:52:19,3.5,16.82,-95.08,107.5,"7 km al SUROESTE de MATIAS ROMERO, OAX ",2023-05-08,08:52:19,verificado
2023-05-08,03:19:32,3.6,17.13,-100.13,47.3,"14 km al NOROESTE de COYUCA DE BENITEZ, GRO ",2023-05-08,09:19:32,verificado
2023-05-08,03:27:46,4.1,14.22,-94.12,17.4,"189 km al SUROESTE de MAPASTEPEC, CHIS ",2023-05-08,09:27:46,verificado
2023-05-08,03:54:02,3.3,16.05,-97.49,4.3,"8 km al NOROESTE de RIO GRANDE, OAX ",2023-05-08,09:54:02,verificado
2023-05-08,04:08:28,3.6,17.07,-95.18,114.2,"27 km al NOROESTE de MATIAS ROMERO, OAX ",2023-05-08,10:08:28,verificado
2023-05-08,04:27:15,3.7,24.78,-98.47,10.0,"32 km al OESTE de SAN FERNANDO, TAMS ",2023-05-08,10:27:15,verificado
2023-05-08,04:33:42,3.5,30.75,-116.34,9.8,"34 km al OESTE de VICENTE GUERRERO, BC ",2023-05-08,10:33:42,verificado
2023-05-08,04:35:28,3.7,16.25,-101.31,16.2,"130 km al SUROESTE de TECPAN, GRO ",2023-05-08,10:35:28,verificado
2023-05-08,04:37:16,3.9,13.74,-92.26,10.0,"105 km al SUR de CD HIDALGO, CHIS ",2023-05-08,10:37:16,verificado
2023-05-08,04:43:22,3.5,30.75,-116.31,10.8,"31 km al OESTE de VICENTE GUERRERO, BC ",2023-05-08,10:43:22,verificado
2023-05-08,04:46:07,3.7,30.8,-116.29,11.3,"30 km al NOROESTE de VICENTE GUERRERO, BC ",2023-05-08,10:46:07,verificado